{"local_ip": "", "vpn_ip": "", "voc": 1.0, "co2": 410.4, "humidity": 54.666666666666664, "temperature": 21.333333333333332, "water_temperature": 20.69, "ph": 6.2, "ec": 0.01, "datetime": "2020-07-07_12:50"}