{"local_ip": "192.168.42.58", "vpn_ip": "10.8.0.6", "voc": 0.3, "co2": 405.3, "humidity": 83.33333333333333, "temperature": 21.666666666666668, "water_temperature": 21.62, "ph": 6.86, "ec": 0.21, "datetime": "2020-08-11_11:30"}