{"local_ip": "192.168.42.113", "vpn_ip": "10.8.0.6", "voc": 4.7, "co2": 407.3, "humidity": 58.333333333333336, "temperature": 24.666666666666668, "water_temperature": 20.94, "ph": 7.02, "ec": 0.01, "datetime": "2020-07-19_11:40"}