{"local_ip": "192.168.42.113", "vpn_ip": "10.8.0.6", "voc": 1.2, "co2": 417.4, "humidity": 66.33333333333333, "temperature": 21.333333333333332, "water_temperature": 20.75, "ph": 5.81, "ec": 0.69, "datetime": "2020-07-04_17:30"}