{"local_ip": "192.168.42.58", "vpn_ip": "", "voc": 3.5, "co2": 407.7, "humidity": 70.33333333333333, "temperature": 22.333333333333332, "water_temperature": 21.5, "ph": 6.59, "ec": 0.77, "datetime": "2020-08-11_23:20"}