{"local_ip": "192.168.42.32", "vpn_ip": "10.8.0.6", "voc": 4.4, "co2": 405.1, "humidity": 44.666666666666664, "temperature": 15.333333333333334, "water_temperature": 21.5, "ph": 5.4, "ec": 1.09, "datetime": "2020-08-27_17:00"}