{"local_ip": "192.168.42.113", "vpn_ip": "10.8.0.6", "voc": 0.0, "co2": 405.6, "humidity": 65.66666666666667, "temperature": 23.666666666666668, "water_temperature": 20.87, "ph": 7.01, "ec": 0.01, "datetime": "2020-07-19_12:40"}