{"local_ip": "192.168.42.58", "vpn_ip": "10.8.0.6", "voc": 2.7, "co2": 405.7, "humidity": 62.666666666666664, "temperature": 21.666666666666668, "water_temperature": 20.69, "ph": 4.96, "ec": 0.71, "datetime": "2020-07-31_11:00"}