{"local_ip": "192.168.42.113", "vpn_ip": "10.8.0.6", "voc": 0.1, "co2": 408.6, "humidity": 63.666666666666664, "temperature": 21.666666666666668, "water_temperature": 20.94, "ph": 5.57, "ec": 0.69, "datetime": "2020-07-04_13:40"}