{"local_ip": "192.168.42.58", "vpn_ip": "10.8.0.6", "voc": 3.5, "co2": 407.8, "humidity": 41.333333333333336, "temperature": 15.333333333333334, "water_temperature": 20.56, "ph": 6.92, "ec": 0.73, "datetime": "2020-08-01_22:00"}