{"local_ip": "192.168.42.54", "vpn_ip": "", "voc": 0.5, "co2": 410.7, "humidity": 42.666666666666664, "temperature": 14.666666666666666, "water_temperature": 20.56, "ph": 7.02, "ec": 0.95, "datetime": "2020-07-21_12:20"}