{"local_ip": "", "vpn_ip": "", "voc": 0.1, "co2": 405.0, "humidity": 56.666666666666664, "temperature": 20.333333333333332, "water_temperature": 20.31, "ph": 6.28, "ec": 0.01, "datetime": "2020-07-09_13:00"}