{"local_ip": "192.168.42.58", "vpn_ip": "", "voc": 6.7, "co2": 410.4, "humidity": 63.666666666666664, "temperature": 17.666666666666668, "water_temperature": 21.31, "ph": 6.78, "ec": 0.82, "datetime": "2020-08-14_11:50"}