{"local_ip": "192.168.42.32", "vpn_ip": "10.8.0.6", "voc": 0.8, "co2": 409.6, "humidity": 62.666666666666664, "temperature": 22.333333333333332, "water_temperature": 21.5, "ph": 6.77, "ec": 1.1, "datetime": "2020-08-26_16:20"}