{"local_ip": "192.168.42.58", "vpn_ip": "10.8.0.6", "voc": 8.7, "co2": 407.9, "humidity": 59.666666666666664, "temperature": 22.666666666666668, "water_temperature": 20.69, "ph": 7.05, "ec": 0.73, "datetime": "2020-08-07_19:50"}