{"local_ip": "192.168.42.58", "vpn_ip": "10.8.0.6", "voc": 1.8, "co2": 410.1, "humidity": 61.666666666666664, "temperature": 21.333333333333332, "water_temperature": 20.69, "ph": 7.4, "ec": 0.79, "datetime": "2020-07-29_16:10"}