{"local_ip": "", "vpn_ip": "", "voc": 1.4, "co2": 419.7, "humidity": 57.666666666666664, "temperature": 21.666666666666668, "water_temperature": 20.0, "ph": 6.28, "ec": 0.01, "datetime": "2020-07-09_19:10"}