{"local_ip": "192.168.42.113", "vpn_ip": "10.8.0.10", "voc": 0.9, "co2": 405.8, "humidity": 57.666666666666664, "temperature": 21.333333333333332, "water_temperature": 20.25, "ph": 6.4, "ec": 0.01, "datetime": "2020-07-11_12:10"}