{"local_ip": "", "vpn_ip": "", "voc": 0.0, "co2": 406.2, "humidity": 54.666666666666664, "temperature": 22.333333333333332, "water_temperature": 20.44, "ph": 6.54, "ec": 0.01, "datetime": "2020-07-12_21:30"}