{"local_ip": "192.168.42.58", "vpn_ip": "10.8.0.6", "voc": 0.4, "co2": 411.5, "humidity": 67.66666666666667, "temperature": 21.333333333333332, "water_temperature": 20.5, "ph": 4.96, "ec": 0.71, "datetime": "2020-07-31_16:00"}