{"local_ip": "192.168.42.54", "vpn_ip": "", "voc": 1.7, "co2": 413.5, "humidity": 53.333333333333336, "temperature": 21.666666666666668, "water_temperature": 20.37, "ph": 6.67, "ec": 0.95, "datetime": "2020-07-21_19:30"}