{"local_ip": "192.168.42.113", "vpn_ip": "10.8.0.10", "voc": 0.1, "co2": 405.4, "humidity": 64.33333333333333, "temperature": 22.666666666666668, "water_temperature": 21.06, "ph": 5.47, "ec": 0.69, "datetime": "2020-07-01_20:50"}