{"local_ip": "192.168.42.58", "vpn_ip": "10.8.0.6", "voc": 0.0, "co2": 418.9, "humidity": 42.333333333333336, "temperature": 14.666666666666666, "water_temperature": 20.31, "ph": 5.01, "ec": 0.66, "datetime": "2020-07-24_22:20"}