{"local_ip": "192.168.42.58", "vpn_ip": "10.8.0.10", "voc": 5.8, "co2": 413.6, "humidity": 59.666666666666664, "temperature": 21.666666666666668, "water_temperature": 20.56, "ph": 6.93, "ec": 0.73, "datetime": "2020-08-06_11:30"}