{"local_ip": "192.168.42.32", "vpn_ip": "10.8.0.10", "voc": 2.9, "co2": 408.3, "humidity": 44.333333333333336, "temperature": 15.333333333333334, "water_temperature": 21.94, "ph": 6.29, "ec": 1.15, "datetime": "2020-08-21_19:00"}