{"local_ip": "192.168.42.58", "vpn_ip": "10.8.0.6", "voc": 4.3, "co2": 406.5, "humidity": 72.33333333333333, "temperature": 22.333333333333332, "water_temperature": 19.94, "ph": 6.93, "ec": 0.73, "datetime": "2020-08-03_16:40"}