{"local_ip": "192.168.42.32", "vpn_ip": "10.8.0.6", "voc": 7.8, "co2": 406.3, "humidity": 61.333333333333336, "temperature": 22.666666666666668, "water_temperature": 0.71, "ph": 621.0, "ec": 1.06, "datetime": "2020-08-28_21:50"}