{"local_ip": "", "vpn_ip": "", "voc": 0.5, "co2": 414.7, "humidity": 66.66666666666667, "temperature": 22.333333333333332, "water_temperature": 20.87, "ph": 6.22, "ec": 16.49, "datetime": "2020-07-20_17:40"}