{"local_ip": "192.168.42.58", "vpn_ip": "10.8.0.6", "voc": 1.7, "co2": 412.1, "humidity": 63.333333333333336, "temperature": 21.666666666666668, "water_temperature": 20.12, "ph": 4.69, "ec": 0.75, "datetime": "2020-07-25_16:50"}